"sample_id","p_number","pstid","experimental_molecular_weight","concentration","concentration_units","molar_concentration","name","seq","seq_len","targetdb_ref","targetdb_status"
"4f15c1fc945cdd89340005ae","P000009605","SsR125.002",22722.51,3.87,"mg/mL",0.00017,"Putative uncharacterized protein","MNIGVIILAAGEGKRFGGDKLLAKIDNTPIIMRTIRIYGDLEKIIIVGKYVNEMLPLLMDQIVIYNPFWNEGISTSLKLGLRFFKDYDAVLVALGDMPFVTKEDVNKIINTFKPNCKAVIPTHKGERGNPVLISKSLFNEIEKLRGDVGARVILNKIKIEELCFIECSEGVLIDIDKKEDLMRLRDFHP",189,"PDB","3d5n"
"4f15c1fc945cdd89340005b0","P000009607","DrR130.002",32828.36,12,"mg/mL",0.00037,"Gluconolactonase, putative","MTLRAARPEFLDLFPAGAEARRLADGFTWTEGPVYVPARSAVIFSDVRQNRTWAWSDDGQLSPEMHPSHHQNGHCLNKQGHLIACSHGLRRLERQREPGGEWESIADSFEGKKLNSPNDVCLAPDGSLWFSDPTYGIDKPEEGYGGEMELPGRWVFRLAPDGTLSAPIRDRVKPNGLAFLPSGNLLVSDTGDNATHRYCLNARGETEYQGVHFTVEPGKTDGLRVDAGGLIWASAGDGVHVLTPDGDELGRVLTPQTTSNLCFGGPEGRTLYMTVSTEFWSIETNVRG",288,"PDB","3E5Z"
"4f15c1fc945cdd89340005ba","P000009644","BfR205.004",13743.85,8.88,"mg/mL",0.00065,"Putative uncharacterized protein","MKNYQKMSVAQDARVELHDSLALTGAEVSINHLPAGAGVPFVHSHKQNEEIYGILSGKGFITIDGEKIELQAGDWLRIAPDGKRQISAASDSPIGFLCIQVKAGSLEGYTMTDGVVQ",117,"PDB","3cew"
"4f15c1fc945cdd89340005be","P000009648","RR365.002",19684.35,7.7,"mg/mL",0.00039,"Putative polyketide cyclase (WhiE ORF VI)","MAGHTDNEITIAAPMELVWNMTNDIEKWPGLFSEYASVEVLGRDDDKVTFRLTMHPDADGKVWSWVSERVADPVTRTVRAQRVETGPFQYMNIVWEYAETAEGTVMRWTQDFAMKPDAPVDDAWMTDNINRNSRTQMALIRDRIEQAAGERRTASVLAD",159,"PDB","2KF2"
"4f15c1fc945cdd89340005c6","P000009664","BeR141.002",39623.9,9.23,"mg/mL",0.00023,"Putative conserved exported protein","MSTDIDCIVIGAGVVGLAIARALAAGGHEVLVAEAAEGIGTGTSSRNSEVIHAGIYYPADSLKARLCVRGKHLLYEYCAARGVPHQRLGKLIVATSDAEASQLDSIARRAGANGVDDLQHIDGAAARRLEPALHCTAALVSPSTGIVDSHALMLAYQGDAESDGAQLVFHTPLIAGRVRPEGGFELDFGGAEPMTLSCRVLINAAGLHAPGLARRIEGIPRDSIPPEYLCKGSYFTLAGRAPFSRLIYPVPQHAGLGVHLTLDLGGQAKFGPDTEWIATEDYTLDPRRADVFYAAVRSYWPALPDGALAPGYTGIRPKISGPHEPAADFAIAGPASHGVAGLVNLYGIESPGLTASLAIAEETLARLAA",369,"PDB","3dme"
"4f15c1fc945cdd89340005cd","P000009686","LmR141.002",32706.1,12.3,"mg/mL",0.00038,"HisJ protein","MKRDGHTHTEFCPHGTHDDVEEMILKAIELDFDEYSIVEHAPLSREFMNNTAGDKEAVTTASMAMSDLPYYFKKMNHIKKKYASDLLIHIGFEVDYLIGYEDFTRDFLDEYGPQTDDGVLSLHFLEGQGGFRSIDFSAEDYNEGIVQFYGGFEQAQLTYLEGVKQSIEADLGLFKPRRIGHISLCQKFQQFFGADTSNFSGEVMEEFQAILALVKKRDYELDFNTAGLFKSLCGETYPPKEIVTLARELKIPLVYGSDSHGVQDIGRGYNTYCQK",275,"PDB","3dcp"
"4f15c1fc945cdd89340005db","P000009715","LpR109.002",25679.16,10.4,"mg/mL","4e-04","Putative uncharacterized protein lp_3323","MIAMIVKGGLAMAISNGHVSFKRPAWLGDSITANNGLATVHYHDILAADWDVERSDNLGISGSTIGSRYDAMAVRYQAIPEDADFIAVFGGVNDYGRDQPLGQYGDCDMTTFYGALMMLLTGLQTNWPTVPKLFISAIHIGSDFGGSFSAVTNGLGYRQSDYEAAIAQMTADYGVPHLSLYRDAGMTFAIPAQAAIYSVDTLHPNNAGHRVIARKLQSFLDSHF",224,"PDB","3dc7"
"4f15c1fc945cdd89340005e6","P000009782",,31991.92,10.8,"mg/mL",0.00034,"Sugar hydrolase","MIFLSTLFWYNKLMNKSTFSLNDTAWVDFYQLQNPRQNENYTFPAIIICPGGGYQHISQRESDPLALAFLAQGYQVLLLNYTVMNKGTNYNFLSQNLEEVQAVFSLIHQNHKEWQINPEQVFLLGCSAGGHLAAWYGNSEQIHRPKGVILCYPVTSFTFGWPSDLSHFNFEIENISEYNISEKVTSSTPPTFIWHTADDEGVPIYNSLKYCDRLSKHQVPFEAHFFESGPHGVSLANRTTAPSDAYCLPSVHRWVSWASDWLERQIKN",268,"PDB","3hxk"
"4f15c1fc945cdd89340005eb","P000009787","SR677.002",25304.03,10,"mg/mL","4e-04","Thiamine pyrophosphokinase (EC 2.7.6.2) (TPK) (Thiaminediphosphokinase)","MKTINIVAGGPKNLIPDLTGYTDEHTLWIGVDKGTVTLLDAGIIPVEAFGDFDSITEQERRRIEKAAPALHVYQAEKDQTDLDLALDWALEKQPDIIQIFGITGGRADHFLGNIQLLYKGVKTNIKIRLIDKQNHIQMFPPGEYDIEKDENKRYISFIPFSEDIHELTLTGFKYPLNNCHITLGSTLCISNELIHSRGTFSFAKGILIMIRSTD",214,"PDB","3lm8"
"4f15c1fc945cdd89340005f2","P000009800","SyR86.002",25134.54,8.2,"mg/mL",0.00033,"Putative thiamine pyrophosphokinase","MKANLLCGNRNLPKHILVEHKHEHWIGIDRGTLILLESGITPQFAVGDFDSISDSERNFIQQQIEINPYNSEKDDTDLALGIDQAVKRGYRNIDVYGATGGRLDHFMGALQILEKPEYAKMNINIKLIDDTNEIQFIQKGQFNVTYSEQFPYISFIPVIYPTVISLKGFKYNLQNETLKLGSTLTISNELSQSCGNIEIIEGSVLMIRSKD",211,"PDB","3L8M"
"4f15c1fc945cdd89340005f9","P000009834","BcR213.002",47504.99,10.1,"mg/mL",0.00021,"Aluminum resistance protein","MFDRLKNGEKIAPIVKEVESQITEVHKRADEVIESNQFRVLESFGKHKISDSHFIPTTGYGYDDIGRDTLEKVYADVFGAEAGLVRPQIISGTHAISTALFGILRPGDELLYITGKPYDTLEEIVGVRGKGVGSFKEYNIGYNAVPLTEGGLVDFEAVAAAIHSNTKMIGIQRSKGYATRPSFTISQIKEMIAFVKEIKPDVVVFVDNCYGEFIEEQEPCHVGADLMAGSLIKNPGGGIVKTGGYIVGKEQYVEACAYRLTSPGIGAEAGASLYSLQEMYQGFFLAPHVAGQALKGAIFTAAFLEKLGMNTSPAWNAPRTDLIQSVQFDDKDRMIAFCQAIQYASPINSHFTPYANYMPGYEDDVIMAAGTFIQGASIELSADGPIRPPYVAYVQGGLTYSHVKIAICSAIDELIEKNLLTIS",423,"PDB","3ht4"
"4f15c1fc945cdd893400060d","P000009886","MrR110B.002",11557.67,14.2,"mg/mL",0.00123,"Replication protein A","NYKISELMPNLSGTINAEVVTAYPKKEFSRKDGTKGQLKSLFLKDDTGSIRGTLWNELADFEVKKGDIAEVSGYVKQGYSGLEISVDNIGIIEKS",95,"PDB","3E0E"
"4f15c1fc945cdd8934000610","P000009889","MjR118E.002",12839.11,7.74,"mg/mL","6e-04","Replication factor A (RP-A) (RF-A) (Replication factor-A protein 1)(Single-stranded DNA-binding protein) (mjaSSB)","EIKDTYNIGELSPGMTATFEGEVISALPIKEFKRADGSIGKLKSFIVRDETGSIRVTLWDNLTDIDVGRGDYVRVRGYIREGYYGGLECTANYVEILKKGEKIES",105,"PDB","3dm3"
